{"cameraMode":{"drawMode":2,"name":"Shaded Wireframe","section":"Shading Mode"},"sceneLighting":false,"audioPlay":false,"sceneViewState":{"showFog":true,"showMaterialUpdate":false,"showSkybox":false,"showFlares":true,"showImageEffects":true,"showParticleSystems":true},"in2DMode":false,"pivot":{"x":-1.35569167137146,"y":8.206012725830079,"z":29.56865882873535},"rotation":{"x":0.3999703824520111,"y":0.07970736175775528,"z":-0.03459015116095543,"w":0.9124801754951477},"size":0.2105998992919922,"orthographic":false}