{"cameraMode":{"drawMode":2,"name":"Shaded Wireframe","section":"Shading Mode"},"sceneLighting":true,"audioPlay":false,"sceneViewState":{"showFog":true,"showMaterialUpdate":false,"showSkybox":true,"showFlares":true,"showImageEffects":true,"showParticleSystems":true},"in2DMode":false,"pivot":{"x":501.8017578125,"y":-1987.704345703125,"z":-1730.97021484375},"rotation":{"x":-0.35672566294670107,"y":-0.18692182004451753,"z":0.07265305519104004,"w":-0.9125159978866577},"size":280.1775207519531,"orthographic":false}