{"cameraMode":{"drawMode":2,"name":"Shaded Wireframe","section":"Shading Mode"},"sceneLighting":false,"audioPlay":false,"sceneViewState":{"showFog":true,"showMaterialUpdate":false,"showSkybox":false,"showFlares":true,"showImageEffects":true,"showParticleSystems":true},"in2DMode":false,"pivot":{"x":-5.058074474334717,"y":23.589065551757814,"z":-17.193405151367189},"rotation":{"x":0.4331939220428467,"y":0.11719552427530289,"z":-0.056564390659332278,"w":0.891939103603363},"size":1.1356562376022339,"orthographic":false}