{"cameraMode":{"drawMode":2,"name":"Shaded Wireframe","section":"Shading Mode"},"sceneLighting":false,"audioPlay":false,"sceneViewState":{"showFog":true,"showMaterialUpdate":false,"showSkybox":false,"showFlares":true,"showImageEffects":true,"showParticleSystems":true},"in2DMode":false,"pivot":{"x":155.8845672607422,"y":7.579718589782715,"z":90.0},"rotation":{"x":0.005969789810478687,"y":0.9760414958000183,"z":-0.21628831326961518,"w":0.025424020364880563},"size":8.530773162841797,"orthographic":false}