{"cameraMode":{"drawMode":2,"name":"Shaded Wireframe","section":"Shading Mode"},"sceneLighting":false,"audioPlay":false,"sceneViewState":{"showFog":true,"showMaterialUpdate":false,"showSkybox":false,"showFlares":true,"showImageEffects":true,"showParticleSystems":true},"in2DMode":false,"pivot":{"x":194.751220703125,"y":-99.15340423583985,"z":-373.9715881347656},"rotation":{"x":0.28541451692581179,"y":0.4976447522640228,"z":-0.17719385027885438,"w":0.7997740507125855},"size":17.533113479614259,"orthographic":false}