{"cameraMode":{"drawMode":2,"name":"Shaded Wireframe","section":"Shading Mode"},"sceneLighting":false,"audioPlay":false,"sceneViewState":{"showFog":true,"showMaterialUpdate":false,"showSkybox":false,"showFlares":true,"showImageEffects":true,"showParticleSystems":true},"in2DMode":false,"pivot":{"x":200.83938598632813,"y":-100.99028015136719,"z":-373.40643310546877},"rotation":{"x":0.42379477620124819,"y":0.09360503405332566,"z":-0.04372839629650116,"w":0.8999280333518982},"size":6.062177658081055,"orthographic":false}