{"cameraMode":{"drawMode":2,"name":"Shaded Wireframe","section":"Shading Mode"},"sceneLighting":false,"audioPlay":false,"sceneViewState":{"showFog":true,"showMaterialUpdate":false,"showSkybox":false,"showFlares":true,"showImageEffects":true,"showParticleSystems":true},"in2DMode":false,"pivot":{"x":7.999665260314941,"y":6.648955821990967,"z":-14.214799880981446},"rotation":{"x":-0.1680826097726822,"y":0.30126240849494936,"z":-0.05438709631562233,"w":-0.9371159672737122},"size":0.6899161338806152,"orthographic":false}