{"cameraMode":{"drawMode":2,"name":"Shaded Wireframe","section":"Shading Mode"},"sceneLighting":false,"audioPlay":false,"sceneViewState":{"showFog":true,"showMaterialUpdate":false,"showSkybox":false,"showFlares":true,"showImageEffects":true,"showParticleSystems":true},"in2DMode":false,"pivot":{"x":191.8008575439453,"y":-98.1236801147461,"z":-371.6969909667969},"rotation":{"x":-0.23580077290534974,"y":-0.5741887092590332,"z":0.17670784890651704,"w":-0.7639617919921875},"size":6.062177658081055,"orthographic":false}