{"cameraMode":{"drawMode":2,"name":"Shaded Wireframe","section":"Shading Mode"},"sceneLighting":false,"audioPlay":false,"sceneViewState":{"showFog":true,"showMaterialUpdate":false,"showSkybox":false,"showFlares":true,"showImageEffects":true,"showParticleSystems":true},"in2DMode":false,"pivot":{"x":19.016523361206056,"y":22.284982681274415,"z":-39.432640075683597},"rotation":{"x":-0.27186155319213869,"y":0.16404588520526887,"z":-0.047467637807130817,"w":-0.9471451044082642},"size":0.44639402627944949,"orthographic":false}