{"cameraMode":{"drawMode":2,"name":"Shaded Wireframe","section":"Shading Mode"},"sceneLighting":true,"audioPlay":false,"sceneViewState":{"showFog":true,"showMaterialUpdate":false,"showSkybox":true,"showFlares":true,"showImageEffects":true,"showParticleSystems":true},"in2DMode":false,"pivot":{"x":168.322509765625,"y":-20.027729034423829,"z":157.78285217285157},"rotation":{"x":0.39836597442626955,"y":0.2365259826183319,"z":-0.10678756982088089,"w":0.8798494338989258},"size":50.56602096557617,"orthographic":false}